"split","crop","count"
"train","Apple","10531"
"train","Banana","12046"
"train","Bean","1626"
"train","Blueberry","3111"
"train","Cauliflower","5888"
"train","Cherry","5081"
"train","Corn","26328"
"train","Cotton","2560"
"train","Grape","10582"
"train","Guava","16284"
"train","Jute","740"
"train","Mango","11805"
"train","Orange","6416"
"train","Papaya","14504"
"train","Peach","5781"
"train","Pepper","5989"
"train","Potato","17364"
"train","Raspberry","2174"
"train","Red Amaranth","321"
"train","Rice","15314"
"train","Soybean","6146"
"train","Squash","3309"
"train","Strawberry","4929"
"train","Sugarcane","2021"
"train","Tea","570"
"train","Tomato","47707"
"train","Wheat","3358"
"valid","Apple","1313"
"valid","Banana","1502"
"valid","Bean","203"
"valid","Blueberry","388"
"valid","Cauliflower","736"
"valid","Cherry","634"
"valid","Corn","3285"
"valid","Cotton","320"
"valid","Grape","1320"
"valid","Guava","2030"
"valid","Jute","90"
"valid","Mango","1468"
"valid","Orange","802"
"valid","Papaya","1813"
"valid","Peach","722"
"valid","Pepper","747"
"valid","Potato","2164"
"valid","Raspberry","271"
"valid","Red Amaranth","40"
"valid","Rice","1908"
"valid","Soybean","768"
"valid","Squash","413"
"valid","Strawberry","615"
"valid","Sugarcane","250"
"valid","Tea","69"
"valid","Tomato","5958"
"valid","Wheat","415"
"test","Apple","1313"
"test","Banana","1502"
"test","Bean","203"
"test","Blueberry","388"
"test","Cauliflower","736"
"test","Cherry","634"
"test","Corn","3285"
"test","Cotton","320"
"test","Grape","1320"
"test","Guava","2030"
"test","Jute","90"
"test","Mango","1468"
"test","Orange","802"
"test","Papaya","1813"
"test","Peach","722"
"test","Pepper","747"
"test","Potato","2164"
"test","Raspberry","271"
"test","Red Amaranth","40"
"test","Rice","1908"
"test","Soybean","768"
"test","Squash","413"
"test","Strawberry","615"
"test","Sugarcane","250"
"test","Tea","69"
"test","Tomato","5958"
"test","Wheat","415"
