"split","class","count"
"train","Apple___Apple_scab","2595"
"train","Apple___Black_rot","2485"
"train","Apple___Cedar_apple_rust","2053"
"train","Apple___healthy","3398"
"train","Banana___Black_Pitting_or_Banana_Rust","3173"
"train","Banana___Crown_Rot","229"
"train","Banana___fungal_disease","2261"
"train","Banana___healthy","138"
"train","Banana___leaf_Banana_Scab_Moth","80"
"train","Banana___leaf_Black_Sigatoka","680"
"train","Banana___leaf_Healthy","5008"
"train","Banana___leaf__Black_Leaf_Streak","253"
"train","Banana___leaf__Panama_Disease","224"
"train","Bean___BD_Leaf_Disease","1626"
"train","Blueberry___healthy","3111"
"train","Cauliflower___Bacterial_spot_rot","1384"
"train","Cauliflower___Black_Rot","1440"
"train","Cauliflower___Downy_Mildew","1416"
"train","Cauliflower___healthy","1648"
"train","Cherry_(including_sour)___healthy","2555"
"train","Cherry_(including_sour)___Powdery_mildew","2526"
"train","Corn_(maize)___BD_Leaf_Disease","566"
"train","Corn_(maize)___Cercospora_leaf_spot Gray_leaf_spot","5195"
"train","Corn_(maize)___Common_rust_","7052"
"train","Corn_(maize)___healthy","6694"
"train","Corn_(maize)___Northern_Leaf_Blight","6821"
"train","Cotton___Aphids","640"
"train","Cotton___Army worm","640"
"train","Cotton___Bacterial blight","640"
"train","Cotton___healthy","640"
"train","Grape___Black_rot","2884"
"train","Grape___Esca_(Black_Measles)","3027"
"train","Grape___healthy","2087"
"train","Grape___Leaf_blight_(Isariopsis_Leaf_Spot)","2584"
"train","Guava___fruit_Anthracnose","1895"
"train","Guava___fruit_Healthy","3384"
"train","Guava___fruit_Scab","952"
"train","Guava___fruit_Styler_end_root","1888"
"train","Guava___leaf_Anthracnose","1329"
"train","Guava___leaf_Canker","1076"
"train","Guava___leaf_Dot","1227"
"train","Guava___leaf_Healthy","3596"
"train","Guava___leaf_Rust","937"
"train","Jute___Cescospora Leaf Spot","249"
"train","Jute___Golden Mosaic","279"
"train","Jute___Healthy Leaf","212"
"train","Mango___Anthracnose","1401"
"train","Mango___Bacterial_Canker","2028"
"train","Mango___Cutting_Weevil","1267"
"train","Mango___die_back","1024"
"train","Mango___Gall_Midge","1787"
"train","Mango___healthy","1000"
"train","Mango___Powdery_Mildew","621"
"train","Mango___Sooty_Mould","1061"
"train","Orange___Haunglongbing_(Citrus_greening)","6416"
"train","Papaya___Anthracnose","920"
"train","Papaya___BacterialSpot","856"
"train","Papaya___Curl","3112"
"train","Papaya___healthy","2376"
"train","Papaya___Mealybug","728"
"train","Papaya___Mite_disease","2208"
"train","Papaya___Mosaic","2184"
"train","Papaya___Ringspot","2120"
"train","Peach___Bacterial_spot","3676"
"train","Peach___healthy","2105"
"train","Pepper,_bell___Bacterial_spot","2769"
"train","Pepper,_bell___healthy","3220"
"train","Potato___Blackleg","48"
"train","Potato___Blackspot_Bruising","616"
"train","Potato___Black_Scurf","41"
"train","Potato___Brown_Rot","85"
"train","Potato___Common_Scab","48"
"train","Potato___Dry_Rot","1085"
"train","Potato___Early_blight","5353"
"train","Potato___healthy","4205"
"train","Potato___Late_blight","5328"
"train","Potato___Miscellaneous","60"
"train","Potato___Pink_Rot","47"
"train","Potato___Soft_Rot","448"
"train","Raspberry___healthy","2174"
"train","Red_Amaranth___BD_Leaf_Disease","321"
"train","Rice___bacterial_leaf_blight","1651"
"train","Rice___bacterial_leaf_streak","304"
"train","Rice___bacterial_panicle_blight","271"
"train","Rice___Blast","3490"
"train","Rice___Brown_spot","2504"
"train","Rice___dead_heart","1154"
"train","Rice___downy_mildew","496"
"train","Rice___healthy","1831"
"train","Rice___hispa","1695"
"train","Rice___Tungro","1918"
"train","Soybean___healthy","6146"
"train","Squash___Powdery_mildew","3309"
"train","Strawberry___healthy","2266"
"train","Strawberry___Leaf_scorch","2663"
"train","Sugarcane___healthy","418"
"train","Sugarcane___Mosaic","370"
"train","Sugarcane___RedRot","416"
"train","Sugarcane___Rust","412"
"train","Sugarcane___Yellow","405"
"train","Tea___algal_leaf","73"
"train","Tea___Anthracnose","64"
"train","Tea___bird_eye_spot","64"
"train","Tea___brown_blight","72"
"train","Tea___gray_light","64"
"train","Tea___healthy","49"
"train","Tea___red_leaf_spot","92"
"train","Tea___white_spot","92"
"train","Tomato___Bacterial_spot","5193"
"train","Tomato___Early_blight","3592"
"train","Tomato___healthy","4522"
"train","Tomato___Late_blight","5068"
"train","Tomato___Leaf_Mold","3406"
"train","Tomato___Septoria_leaf_spot","4700"
"train","Tomato___Spider_mites Two-spotted_spider_mite","4426"
"train","Tomato___Target_Spot","4074"
"train","Tomato___Tomato_mosaic_virus","2133"
"train","Tomato___Tomato_Yellow_Leaf_Curl_Virus","10593"
"train","Wheat___Brown_rust","904"
"train","Wheat___healthy","1281"
"train","Wheat___septoria","79"
"train","Wheat___stripe_rust","168"
"train","Wheat___Yellow_rust","926"
"valid","Apple___Apple_scab","324"
"valid","Apple___Black_rot","310"
"valid","Apple___Cedar_apple_rust","255"
"valid","Apple___healthy","424"
"valid","Banana___Black_Pitting_or_Banana_Rust","396"
"valid","Banana___Crown_Rot","28"
"valid","Banana___fungal_disease","282"
"valid","Banana___healthy","17"
"valid","Banana___leaf_Banana_Scab_Moth","10"
"valid","Banana___leaf_Black_Sigatoka","85"
"valid","Banana___leaf_Healthy","625"
"valid","Banana___leaf__Black_Leaf_Streak","31"
"valid","Banana___leaf__Panama_Disease","28"
"valid","Bean___BD_Leaf_Disease","203"
"valid","Blueberry___healthy","388"
"valid","Cauliflower___Bacterial_spot_rot","173"
"valid","Cauliflower___Black_Rot","180"
"valid","Cauliflower___Downy_Mildew","177"
"valid","Cauliflower___healthy","206"
"valid","Cherry_(including_sour)___healthy","319"
"valid","Cherry_(including_sour)___Powdery_mildew","315"
"valid","Corn_(maize)___BD_Leaf_Disease","70"
"valid","Corn_(maize)___Cercospora_leaf_spot Gray_leaf_spot","648"
"valid","Corn_(maize)___Common_rust_","880"
"valid","Corn_(maize)___healthy","836"
"valid","Corn_(maize)___Northern_Leaf_Blight","851"
"valid","Cotton___Aphids","80"
"valid","Cotton___Army worm","80"
"valid","Cotton___Bacterial blight","80"
"valid","Cotton___healthy","80"
"valid","Grape___Black_rot","360"
"valid","Grape___Esca_(Black_Measles)","378"
"valid","Grape___healthy","260"
"valid","Grape___Leaf_blight_(Isariopsis_Leaf_Spot)","322"
"valid","Guava___fruit_Anthracnose","236"
"valid","Guava___fruit_Healthy","423"
"valid","Guava___fruit_Scab","119"
"valid","Guava___fruit_Styler_end_root","235"
"valid","Guava___leaf_Anthracnose","165"
"valid","Guava___leaf_Canker","134"
"valid","Guava___leaf_Dot","153"
"valid","Guava___leaf_Healthy","449"
"valid","Guava___leaf_Rust","116"
"valid","Jute___Cescospora Leaf Spot","30"
"valid","Jute___Golden Mosaic","34"
"valid","Jute___Healthy Leaf","26"
"valid","Mango___Anthracnose","174"
"valid","Mango___Bacterial_Canker","253"
"valid","Mango___Cutting_Weevil","158"
"valid","Mango___die_back","128"
"valid","Mango___Gall_Midge","223"
"valid","Mango___healthy","125"
"valid","Mango___Powdery_Mildew","77"
"valid","Mango___Sooty_Mould","132"
"valid","Orange___Haunglongbing_(Citrus_greening)","802"
"valid","Papaya___Anthracnose","115"
"valid","Papaya___BacterialSpot","107"
"valid","Papaya___Curl","389"
"valid","Papaya___healthy","297"
"valid","Papaya___Mealybug","91"
"valid","Papaya___Mite_disease","276"
"valid","Papaya___Mosaic","273"
"valid","Papaya___Ringspot","265"
"valid","Peach___Bacterial_spot","459"
"valid","Peach___healthy","263"
"valid","Pepper,_bell___Bacterial_spot","345"
"valid","Pepper,_bell___healthy","402"
"valid","Potato___Blackleg","6"
"valid","Potato___Blackspot_Bruising","77"
"valid","Potato___Black_Scurf","4"
"valid","Potato___Brown_Rot","10"
"valid","Potato___Common_Scab","6"
"valid","Potato___Dry_Rot","135"
"valid","Potato___Early_blight","668"
"valid","Potato___healthy","524"
"valid","Potato___Late_blight","666"
"valid","Potato___Miscellaneous","7"
"valid","Potato___Pink_Rot","5"
"valid","Potato___Soft_Rot","56"
"valid","Raspberry___healthy","271"
"valid","Red_Amaranth___BD_Leaf_Disease","40"
"valid","Rice___bacterial_leaf_blight","206"
"valid","Rice___bacterial_leaf_streak","38"
"valid","Rice___bacterial_panicle_blight","33"
"valid","Rice___Blast","435"
"valid","Rice___Brown_spot","312"
"valid","Rice___dead_heart","144"
"valid","Rice___downy_mildew","62"
"valid","Rice___healthy","228"
"valid","Rice___hispa","211"
"valid","Rice___Tungro","239"
"valid","Soybean___healthy","768"
"valid","Squash___Powdery_mildew","413"
"valid","Strawberry___healthy","283"
"valid","Strawberry___Leaf_scorch","332"
"valid","Sugarcane___healthy","52"
"valid","Sugarcane___Mosaic","46"
"valid","Sugarcane___RedRot","51"
"valid","Sugarcane___Rust","51"
"valid","Sugarcane___Yellow","50"
"valid","Tea___algal_leaf","9"
"valid","Tea___Anthracnose","8"
"valid","Tea___bird_eye_spot","8"
"valid","Tea___brown_blight","9"
"valid","Tea___gray_light","8"
"valid","Tea___healthy","5"
"valid","Tea___red_leaf_spot","11"
"valid","Tea___white_spot","11"
"valid","Tomato___Bacterial_spot","649"
"valid","Tomato___Early_blight","448"
"valid","Tomato___healthy","565"
"valid","Tomato___Late_blight","633"
"valid","Tomato___Leaf_Mold","425"
"valid","Tomato___Septoria_leaf_spot","587"
"valid","Tomato___Spider_mites Two-spotted_spider_mite","552"
"valid","Tomato___Target_Spot","509"
"valid","Tomato___Tomato_mosaic_virus","266"
"valid","Tomato___Tomato_Yellow_Leaf_Curl_Virus","1324"
"valid","Wheat___Brown_rust","112"
"valid","Wheat___healthy","159"
"valid","Wheat___septoria","9"
"valid","Wheat___stripe_rust","20"
"valid","Wheat___Yellow_rust","115"
"test","Apple___Apple_scab","324"
"test","Apple___Black_rot","310"
"test","Apple___Cedar_apple_rust","255"
"test","Apple___healthy","424"
"test","Banana___Black_Pitting_or_Banana_Rust","396"
"test","Banana___Crown_Rot","28"
"test","Banana___fungal_disease","282"
"test","Banana___healthy","17"
"test","Banana___leaf_Banana_Scab_Moth","10"
"test","Banana___leaf_Black_Sigatoka","85"
"test","Banana___leaf_Healthy","625"
"test","Banana___leaf__Black_Leaf_Streak","31"
"test","Banana___leaf__Panama_Disease","28"
"test","Bean___BD_Leaf_Disease","203"
"test","Blueberry___healthy","388"
"test","Cauliflower___Bacterial_spot_rot","173"
"test","Cauliflower___Black_Rot","180"
"test","Cauliflower___Downy_Mildew","177"
"test","Cauliflower___healthy","206"
"test","Cherry_(including_sour)___healthy","319"
"test","Cherry_(including_sour)___Powdery_mildew","315"
"test","Corn_(maize)___BD_Leaf_Disease","70"
"test","Corn_(maize)___Cercospora_leaf_spot Gray_leaf_spot","648"
"test","Corn_(maize)___Common_rust_","880"
"test","Corn_(maize)___healthy","836"
"test","Corn_(maize)___Northern_Leaf_Blight","851"
"test","Cotton___Aphids","80"
"test","Cotton___Army worm","80"
"test","Cotton___Bacterial blight","80"
"test","Cotton___healthy","80"
"test","Grape___Black_rot","360"
"test","Grape___Esca_(Black_Measles)","378"
"test","Grape___healthy","260"
"test","Grape___Leaf_blight_(Isariopsis_Leaf_Spot)","322"
"test","Guava___fruit_Anthracnose","236"
"test","Guava___fruit_Healthy","423"
"test","Guava___fruit_Scab","119"
"test","Guava___fruit_Styler_end_root","235"
"test","Guava___leaf_Anthracnose","165"
"test","Guava___leaf_Canker","134"
"test","Guava___leaf_Dot","153"
"test","Guava___leaf_Healthy","449"
"test","Guava___leaf_Rust","116"
"test","Jute___Cescospora Leaf Spot","30"
"test","Jute___Golden Mosaic","34"
"test","Jute___Healthy Leaf","26"
"test","Mango___Anthracnose","174"
"test","Mango___Bacterial_Canker","253"
"test","Mango___Cutting_Weevil","158"
"test","Mango___die_back","128"
"test","Mango___Gall_Midge","223"
"test","Mango___healthy","125"
"test","Mango___Powdery_Mildew","77"
"test","Mango___Sooty_Mould","132"
"test","Orange___Haunglongbing_(Citrus_greening)","802"
"test","Papaya___Anthracnose","115"
"test","Papaya___BacterialSpot","107"
"test","Papaya___Curl","389"
"test","Papaya___healthy","297"
"test","Papaya___Mealybug","91"
"test","Papaya___Mite_disease","276"
"test","Papaya___Mosaic","273"
"test","Papaya___Ringspot","265"
"test","Peach___Bacterial_spot","459"
"test","Peach___healthy","263"
"test","Pepper,_bell___Bacterial_spot","345"
"test","Pepper,_bell___healthy","402"
"test","Potato___Blackleg","6"
"test","Potato___Blackspot_Bruising","77"
"test","Potato___Black_Scurf","4"
"test","Potato___Brown_Rot","10"
"test","Potato___Common_Scab","6"
"test","Potato___Dry_Rot","135"
"test","Potato___Early_blight","668"
"test","Potato___healthy","524"
"test","Potato___Late_blight","666"
"test","Potato___Miscellaneous","7"
"test","Potato___Pink_Rot","5"
"test","Potato___Soft_Rot","56"
"test","Raspberry___healthy","271"
"test","Red_Amaranth___BD_Leaf_Disease","40"
"test","Rice___bacterial_leaf_blight","206"
"test","Rice___bacterial_leaf_streak","38"
"test","Rice___bacterial_panicle_blight","33"
"test","Rice___Blast","435"
"test","Rice___Brown_spot","312"
"test","Rice___dead_heart","144"
"test","Rice___downy_mildew","62"
"test","Rice___healthy","228"
"test","Rice___hispa","211"
"test","Rice___Tungro","239"
"test","Soybean___healthy","768"
"test","Squash___Powdery_mildew","413"
"test","Strawberry___healthy","283"
"test","Strawberry___Leaf_scorch","332"
"test","Sugarcane___healthy","52"
"test","Sugarcane___Mosaic","46"
"test","Sugarcane___RedRot","51"
"test","Sugarcane___Rust","51"
"test","Sugarcane___Yellow","50"
"test","Tea___algal_leaf","9"
"test","Tea___Anthracnose","8"
"test","Tea___bird_eye_spot","8"
"test","Tea___brown_blight","9"
"test","Tea___gray_light","8"
"test","Tea___healthy","5"
"test","Tea___red_leaf_spot","11"
"test","Tea___white_spot","11"
"test","Tomato___Bacterial_spot","649"
"test","Tomato___Early_blight","448"
"test","Tomato___healthy","565"
"test","Tomato___Late_blight","633"
"test","Tomato___Leaf_Mold","425"
"test","Tomato___Septoria_leaf_spot","587"
"test","Tomato___Spider_mites Two-spotted_spider_mite","552"
"test","Tomato___Target_Spot","509"
"test","Tomato___Tomato_mosaic_virus","266"
"test","Tomato___Tomato_Yellow_Leaf_Curl_Virus","1324"
"test","Wheat___Brown_rust","112"
"test","Wheat___healthy","159"
"test","Wheat___septoria","9"
"test","Wheat___stripe_rust","20"
"test","Wheat___Yellow_rust","115"
