width,height
448,318
256,256
256,256
2079,2079
256,256
256,256
256,256
256,256
256,256
256,256
256,256
256,256
256,256
3024,4032
256,256
256,256
256,256
240,320
3264,1468
256,256
480,640
3024,4032
480,640
456,456
256,256
256,256
256,256
3468,4624
480,640
480,640
256,256
256,256
256,256
256,256
256,256
240,240
256,256
256,256
750,1000
256,256
256,256
256,256
256,256
256,256
256,256
256,256
256,256
1632,1224
256,256
256,256
960,1280
256,256
256,256
256,256
256,264
256,256
256,256
256,256
256,256
256,256
750,1000
256,256
256,256
256,256
256,256
256,256
512,512
256,256
450,363
256,256
256,256
256,256
256,256
256,256
4437,5916
256,256
256,256
256,256
4032,3024
256,256
256,256
4064,3048
256,256
256,256
256,256
256,256
256,256
256,256
256,256
256,256
1000,750
256,256
256,256
256,256
256,256
256,256
1000,750
3749,4999
256,256
480,640
256,256
256,256
256,256
256,256
256,256
256,256
750,1000
1000,750
256,256
256,256
1000,750
256,256
256,256
256,256
256,256
512,512
2458,3278
256,256
256,256
240,240
256,256
256,256
256,256
256,256
256,256
256,256
256,256
256,256
256,256
256,256
1000,750
256,256
256,256
256,256
256,256
256,256
256,256
256,256
256,256
256,256
256,256
256,256
320,240
256,256
2918,3891
256,256
4284,5712
256,256
256,256
456,456
256,256
256,256
256,256
1836,4080
256,256
256,256
256,256
224,224
256,256
3024,4032
256,256
256,256
750,1000
320,240
256,256
256,256
256,256
256,256
256,256
3024,4032
256,256
4032,3024
256,256
256,256
750,1000
256,256
1806,1806
256,256
3024,4032
1500,2000
3456,4608
256,256
256,256
256,256
240,240
4080,2304
1796,2395
256,256
480,640
256,256
404,252
256,256
256,256
256,256
146,106
256,256
256,256
256,256
256,256
256,256
1500,2000
256,256
256,256
512,512
480,640
3081,897
320,240
256,256
256,256
480,183
256,256
256,256
256,256
256,256
256,256
256,256
256,256
256,256
320,240
256,256
256,256
256,256
256,256
256,256
256,256
1500,2000
480,640
256,256
256,256
256,256
3186,4248
1000,750
256,256
256,256
256,256
1500,2000
256,256
256,256
287,215
256,256
456,456
256,256
256,256
256,256
256,256
256,256
4530,3397
256,256
256,256
256,256
256,256
480,640
1000,750
256,256
256,256
256,256
256,256
1000,750
256,256
256,256
256,256
750,1000
256,256
456,456
3524,4699
456,456
3024,4032
256,256
240,240
256,256
256,256
750,1000
256,256
256,256
256,256
240,320
1000,750
256,256
256,256
256,256
256,256
256,256
456,456
256,256
256,256
256,256
240,320
256,256
1500,2000
256,256
2283,1712
256,256
1291,1721
256,256
256,256
256,256
512,512
960,1280
256,256
256,256
256,256
256,256
256,256
256,256
256,256
256,256
256,256
480,640
256,256
256,256
256,256
256,256
256,256
456,456
256,256
256,256
256,256
256,256
256,256
256,256
256,256
256,256
750,1000
256,256
256,256
256,256
256,256
256,256
256,256
456,456
256,256
240,320
1500,2000
256,256
512,512
256,256
256,256
1000,750
256,256
256,256
256,256
256,256
256,256
4000,3000
1759,2345
256,256
3024,4032
256,256
256,256
256,256
1000,750
3468,4624
256,256
256,256
480,640
916,329
256,256
3456,4608
256,256
1500,2000
256,256
1000,750
256,256
256,256
480,640
2000,1500
256,256
2000,1500
256,256
256,256
480,640
256,256
256,256
256,256
480,640
335,376
256,256
256,256
1000,750
3024,4032
256,256
256,256
256,256
256,256
256,256
256,256
256,256
456,456
3048,4064
256,256
256,256
1500,2000
256,256
256,256
256,256
256,256
480,640
256,256
256,256
256,256
256,256
256,256
256,256
256,256
256,256
256,256
256,256
256,256
256,256
256,256
256,256
256,256
256,256
256,256
256,256
256,256
256,256
3024,4032
256,256
256,256
256,256
256,256
256,256
256,256
456,456
456,456
256,256
256,256
256,256
256,256
256,256
268,193
256,256
256,256
456,456
1664,2219
256,256
256,256
256,256
256,256
480,640
456,456
256,256
3024,4032
256,256
512,512
2958,3944
256,256
256,256
256,256
256,256
256,256
256,256
256,256
256,256
256,256
256,256
4080,1836
1836,4080
256,256
256,256
3024,4032
256,256
256,256
256,256
480,640
1861,1481
256,256
1000,750
1000,750
256,256
256,256
750,1000
256,256
1000,750
256,256
320,240
456,456
256,256
256,256
256,256
256,256
256,256
512,512
256,256
256,256
256,256
750,1000
256,256
256,256
256,256
256,256
256,256
256,256
256,256
256,256
256,256
512,512
256,256
256,256
4027,5370
256,256
256,256
256,256
256,256
256,256
4608,3456
256,256
456,456
512,512
256,256
256,256
1000,750
256,256
1000,750
256,256
1000,750
256,256
256,256
320,240
256,256
256,256
256,256
256,256
256,256
256,256
256,256
256,256
256,256
354,265
320,240
3024,4032
256,256
256,256
3024,4032
256,256
256,256
256,256
480,640
330,393
256,256
256,256
256,256
1500,2000
256,256
256,256
256,256
256,256
256,256
256,256
256,256
256,256
256,256
256,256
256,256
256,256
256,256
256,256
256,256
256,256
256,256
256,256
256,256
1000,750
256,256
240,240
3120,3120
1000,750
750,1000
1500,2000
256,256
1500,2000
256,256
3024,4032
256,256
256,256
256,256
256,256
256,256
256,256
256,256
256,256
256,256
320,240
231,69
1000,750
480,640
256,256
256,256
256,256
3120,3120
512,512
256,256
256,256
256,256
240,240
256,256
500,336
1632,1224
1000,750
750,1000
456,456
256,256
4000,2992
256,256
1000,750
256,256
256,256
256,256
1000,750
3024,4032
256,256
4284,5712
456,456
1024,768
3120,3120
256,256
256,256
4080,1836
256,256
4284,5712
456,456
256,256
1500,2000
256,256
256,256
40,54
256,256
256,256
256,256
456,456
256,256
240,240
256,256
1152,2048
256,256
256,256
256,256
240,320
256,256
256,256
256,256
256,256
456,456
256,256
256,256
256,256
256,256
295,221
320,240
256,256
256,256
256,256
256,256
256,256
256,256
5021,3766
256,256
456,456
4284,5712
256,256
256,256
480,640
750,1000
512,512
256,256
256,256
256,256
256,256
256,256
256,256
256,256
256,256
256,256
256,256
1000,750
256,256
1152,2048
456,456
256,256
515,750
750,1000
256,256
256,256
256,256
3456,4608
256,256
256,256
1000,750
256,256
256,256
256,256
1500,2000
256,256
256,256
256,256
256,256
3000,4000
1500,2000
256,256
320,240
256,256
256,256
256,256
256,256
256,256
256,256
256,256
3120,3120
256,256
256,256
256,256
256,256
256,256
256,256
256,256
256,256
1500,2000
256,256
1500,2000
256,256
1500,2000
256,256
256,256
1000,750
256,256
256,256
256,256
256,256
480,640
480,640
256,256
256,256
256,256
256,256
1835,1376
256,256
256,256
256,256
256,256
256,256
750,1000
256,256
256,256
256,256
256,256
256,256
256,256
256,256
256,256
320,240
256,256
256,256
4000,3000
256,256
256,256
256,256
256,256
256,256
256,256
4064,3048
256,256
256,256
256,256
256,256
256,256
256,256
256,256
256,256
256,256
256,256
256,256
512,512
4080,1836
320,212
256,256
256,256
512,512
256,256
256,256
256,256
456,456
256,256
256,256
256,256
256,256
256,256
256,256
750,1000
1632,1224
256,256
1681,2241
256,256
256,256
256,256
3456,4608
256,256
256,256
1000,750
512,512
256,256
256,256
512,512
256,256
256,256
256,256
256,256
256,256
512,512
256,256
576,1024
256,256
256,256
3024,4032
256,256
256,256
1500,2000
256,256
1000,750
480,640
256,256
256,256
256,256
256,256
256,256
256,256
256,256
256,256
480,640
256,256
3000,4000
256,256
256,256
256,256
256,256
256,256
256,256
256,256
256,256
256,256
256,256
1000,750
256,256
480,640
3024,4032
256,256
256,256
512,512
320,240
256,256
1500,2000
256,256
224,224
456,456
3192,4257
256,256
256,256
480,640
3120,3120
256,256
750,1000
256,256
1000,750
256,256
256,256
512,512
256,256
256,256
256,256
256,256
256,256
1715,2287
256,256
256,256
256,256
256,256
256,256
256,256
750,1000
1728,2304
256,256
960,1280
960,1280
256,256
256,256
256,256
256,256
256,256
256,256
256,256
240,320
456,456
4000,3000
256,256
256,256
256,256
256,256
256,256
256,256
750,1000
256,256
1384,1384
256,256
440,333
256,256
256,256
256,256
256,256
1000,750
256,256
256,256
256,256
256,256
256,256
750,1000
256,256
512,512
3096,4128
256,256
256,256
256,256
320,240
240,320
3024,4032
256,256
256,256
256,256
256,256
256,256
512,512
256,256
256,256
256,256
256,256
256,256
4032,3024
256,256
750,1000
256,256
256,256
256,256
256,256
3366,4488
256,256
256,256
256,256
256,256
256,256
256,256
256,256
1799,1375
256,256
256,256
256,256
3024,4032
256,256
456,456
256,256
256,256
256,256
480,640
512,512
256,256
256,256
256,256
256,256
4284,5712
1000,750
240,320
750,1000
256,256
256,256
224,224
256,256
480,640
256,256
256,256
456,456
256,256
4000,2992
2000,1500
256,256
256,256
256,256
256,256
456,456
512,512
256,256
256,256
256,256
256,256
256,256
240,320
2992,4000
1500,2000
256,256
750,1000
256,256
256,256
256,256
256,256
256,256
1654,1240
256,256
256,256
256,256
480,640
256,256
256,256
256,256
256,256
256,256
512,512
456,456
256,256
256,256
512,512
256,256
256,256
512,512
256,256
1500,2000
256,256
256,256
480,640
3024,4032
256,256
256,256
256,256
3024,4032
256,256
480,640
1040,1071
1500,2000
4284,5712
256,256
256,256
456,456
256,256
768,1024
768,1024
4000,2992
256,256
256,256
256,256
456,456
256,256
3775,2831
256,256
256,256
256,256
256,256
256,256
256,256
256,256
256,256
1000,750
256,256
256,256
256,256
256,256
256,256
480,640
256,256
256,256
256,256
256,256
256,256
3942,4177
256,256
256,256
256,256
256,256
256,256
256,256
256,256
256,256
256,256
3024,4032
2000,1500
256,256
256,256
256,256
256,256
256,256
256,256
256,256
256,256
480,640
256,256
256,256
256,256
2000,1500
256,256
3281,4375
256,256
256,256
3000,4000
256,256
256,256
256,256
256,256
256,256
4000,2992
256,256
256,256
456,456
256,256
1911,1911
256,256
256,256
256,256
256,256
3309,4412
256,256
750,1000
240,320
2504,2504
1500,2000
256,256
480,640
256,256
256,256
1000,750
3024,4032
3468,4624
256,256
256,256
1500,2000
256,256
256,256
256,256
1411,1882
480,640
256,256
256,256
256,256
1000,750
256,256
256,256
256,256
256,256
1500,2000
256,256
256,256
256,256
3024,4032
256,256
280,138
256,256
256,256
256,256
256,256
256,256
256,256
256,256
256,256
2304,4080
4080,2304
256,256
1500,2000
256,256
1500,2000
256,256
256,256
456,456
256,256
256,256
256,256
256,256
1000,750
256,256
256,256
256,256
256,256
256,256
256,256
256,256
256,256
256,256
3468,4624
256,256
512,512
1224,1632
256,256
256,256
256,256
1500,2000
1000,750
256,256
4080,1836
256,256
256,256
256,256
3594,4792
4032,3024
320,240
256,256
1500,2000
480,640
256,256
256,256
256,256
3309,4413
256,256
256,256
256,256
256,256
480,640
256,256
256,256
256,256
320,240
256,256
1500,2000
3000,4000
256,256
256,256
4032,3024
256,256
328,1605
256,256
750,1000
480,640
256,256
256,256
4107,5476
4284,5712
1000,750
4000,2992
256,256
1000,750
256,256
256,256
256,256
256,256
256,256
256,256
240,240
256,256
256,256
256,256
3024,4032
256,256
1836,4080
256,256
256,256
256,256
400,261
1440,1920
256,256
3024,4032
256,256
256,256
256,256
640,480
256,256
256,256
256,256
256,256
480,640
256,256
256,256
256,256
256,256
256,256
456,456
238,201
256,256
256,256
1000,750
2007,2007
256,256
256,256
256,256
256,256
256,256
512,512
3000,4000
456,456
1000,750
256,256
256,256
256,256
256,256
256,256
256,256
256,256
512,512
3468,4624
750,1000
256,256
240,320
4000,2992
256,256
480,640
256,256
1511,2015
256,256
256,256
256,256
3024,4032
256,256
480,640
750,1000
750,1000
256,256
256,256
256,256
256,256
1382,1000
1516,586
3468,4624
256,256
256,256
256,256
256,256
256,256
240,320
512,512
256,256
256,256
512,512
1190,1587
1000,750
256,256
256,256
256,256
4000,3000
256,256
256,256
256,256
256,256
256,256
256,256
163,176
256,256
256,256
256,256
256,256
256,256
256,256
256,256
256,256
1500,2000
4000,3000
256,256
256,256
480,640
256,256
256,256
256,256
256,256
256,256
256,256
256,256
256,256
3456,4608
256,256
256,256
3000,4000
256,256
256,256
1500,2000
4000,3000
256,256
256,256
240,240
1826,1826
256,256
480,640
3468,4624
256,256
256,256
306,451
256,256
256,256
456,456
256,256
256,256
256,256
256,256
256,256
256,256
256,256
256,256
256,256
4136,3102
256,256
1748,2331
512,512
256,256
256,256
750,1000
256,256
4284,5712
256,256
256,256
256,256
256,256
256,256
4003,3002
256,256
480,640
256,256
4284,5712
256,256
320,240
256,256
256,256
256,256
256,256
256,256
1500,2000
256,256
256,256
256,256
512,512
256,256
4404,5872
3120,3120
256,256
256,256
256,256
256,256
256,256
3695,4927
256,256
277,208
1000,750
256,256
256,256
256,256
256,256
256,256
2566,3421
3024,4032
256,256
256,256
256,256
256,256
2870,3827
240,240
256,256
1000,750
256,256
3024,4032
1560,2080
256,256
256,256
883,903
256,256
750,1000
256,256
456,456
256,256
256,256
320,240
480,640
256,256
256,256
256,256
3000,4000
256,256
480,640
256,256
256,256
480,640
456,456
3000,4000
320,240
256,256
750,1000
256,256
256,256
256,256
256,256
240,240
256,256
1500,2000
256,256
256,256
256,256
256,256
256,256
256,256
256,256
256,256
1500,2000
256,256
480,640
256,256
256,256
256,256
256,256
256,256
256,256
256,256
256,256
256,256
256,256
480,640
256,256
256,256
960,1280
3456,4608
3024,4032
256,256
256,256
456,456
256,256
750,1000
256,256
256,256
256,256
480,640
256,256
256,256
256,256
256,256
256,256
320,240
1500,2000
256,256
480,640
256,256
512,512
256,256
256,256
256,256
256,256
256,256
256,256
256,256
1500,2000
342,342
256,256
256,256
256,256
3599,4799
256,256
256,256
256,256
3024,4032
256,256
480,640
256,256
256,256
1000,750
256,256
256,256
256,256
256,256
256,256
3024,4032
480,640
1459,1945
256,256
750,1000
3120,4160
256,256
1500,2000
256,256
1500,2000
256,256
256,256
150,150
320,240
4724,3543
256,256
256,256
1000,750
256,256
256,256
256,256
256,256
480,640
3000,4000
256,256
256,256
3024,4032
480,640
256,256
4000,3000
256,256
256,256
256,256
256,256
960,1280
4000,3000
1000,750
512,512
512,512
256,256
256,256
256,256
256,256
3473,4631
256,256
256,256
1734,1734
256,256
320,240
512,512
256,256
256,256
256,256
256,256
256,256
256,256
256,256
256,256
256,256
256,256
512,512
256,256
256,256
256,256
256,256
256,256
256,256
512,512
256,256
256,256
1000,750
1000,750
256,256
366,450
256,256
1500,2000
1516,2022
256,256
256,256
256,256
256,256
256,256
256,256
256,256
256,256
256,256
256,256
256,256
256,256
456,456
256,256
256,256
256,256
512,512
256,256
256,256
3024,4032
256,256
256,256
256,256
256,256
256,256
256,256
256,256
320,240
256,256
256,256
750,1000
4000,3000
256,256
256,256
256,256
256,256
256,256
256,256
256,256
960,1280
256,256
3510,4680
256,256
256,256
480,640
256,256
3024,4032
256,256
1500,2000
256,256
2048,1152
1500,2000
256,256
256,256
256,256
256,256
256,256
1000,750
256,256
256,256
234,148
256,256
256,256
256,256
256,256
256,256
750,1000
256,256
256,256
1500,2000
480,640
256,256
3456,4608
178,112
1000,750
256,256
256,256
256,256
256,256
480,640
256,256
256,256
256,256
3274,4365
456,456
240,320
4000,3000
256,256
256,256
256,256
256,256
256,256
1047,1015
3000,4000
3024,4032
1500,2000
256,256
256,256
1500,2000
256,256
320,240
256,256
2922,3897
240,320
256,256
4377,3283
456,456
256,256
256,256
256,256
256,256
3120,3120
256,256
3000,4000
750,1000
256,256
776,770
256,256
256,256
256,256
256,256
256,256
256,256
256,256
256,256
256,256
256,256
256,256
256,256
240,320
256,256
256,256
512,512
256,256
480,640
1500,2000
256,256
256,256
256,256
256,256
240,320
256,256
3456,4608
320,240
1000,750
138,140
256,256
256,256
256,256
256,256
256,256
256,256
256,256
256,256
456,456
256,256
256,256
256,256
240,240
512,512
256,256
256,256
456,456
256,256
1500,2000
256,256
960,1280
456,456
256,256
256,256
480,640
256,256
256,256
750,1000
256,256
4080,1836
256,256
256,256
480,640
256,256
256,256
256,256
256,256
1000,750
256,256
256,256
256,256
256,256
256,256
750,1000
256,256
256,256
480,640
3024,4032
1500,1120
256,256
256,256
256,256
256,256
4000,3000
256,256
224,224
256,256
256,256
402,388
256,256
256,256
256,256
119,229
256,256
256,256
256,256
256,256
256,256
256,256
256,256
256,256
456,456
256,256
750,1000
4284,5712
256,256
256,256
256,256
256,256
320,240
1000,750
1000,750
512,512
256,256
256,256
512,512
256,256
4000,3000
256,256
1500,2000
256,256
256,256
256,256
256,256
256,256
256,256
256,256
4000,3000
1500,2000
256,256
256,256
256,256
3024,4032
256,256
256,256
256,256
256,256
4223,2384
256,256
256,256
480,640
480,640
256,256
256,256
256,256
256,256
256,256
256,256
256,256
256,256
256,256
256,256
256,256
256,256
256,256
256,256
256,256
3468,4624
4080,1836
256,256
218,275
256,256
480,640
256,256
256,256
512,512
3456,4608
320,240
256,256
256,256
256,256
256,256
256,256
256,256
256,256
1500,2000
256,256
480,640
256,256
256,256
256,256
256,256
750,1000
4284,5712
256,256
256,256
256,256
256,256
256,256
256,256
256,256
320,240
256,256
256,256
750,1000
256,256
4284,5712
3024,4032
240,320
240,320
256,256
240,240
3071,2062
256,256
256,256
320,240
3270,4360
256,256
256,256
256,256
256,256
256,256
256,256
256,256
256,256
750,1000
256,256
256,256
256,256
4000,3000
480,640
256,256
256,256
256,256
256,256
640,509
256,256
256,256
256,256
256,256
256,256
256,256
2000,1500
256,256
256,256
256,256
256,256
256,256
256,256
256,256
256,256
480,640
456,456
256,256
3000,4000
1500,2000
256,256
256,256
480,640
256,256
256,256
256,256
256,256
1000,750
256,256
256,256
256,256
4000,2992
256,256
1500,2000
1000,750
256,256
480,640
4284,5712
256,256
480,640
1500,2000
240,320
256,256
480,640
1364,1818
256,256
3024,4032
1000,750
4000,3000
512,512
256,256
256,256
512,512
256,256
960,1280
256,256
256,256
256,256
256,256
256,256
256,256
750,1000
256,256
446,540
256,256
256,256
256,256
456,456
256,256
256,256
480,640
256,256
1000,750
256,256
1278,542
256,256
320,162
256,256
256,256
240,240
256,256
2992,4000
1500,2000
256,256
480,640
256,256
256,256
256,256
512,512
1000,750
256,256
256,256
256,256
256,256
256,256
3024,4032
512,512
456,456
256,256
256,256
256,256
1147,1200
1000,750
1500,2000
256,256
256,256
336,1206
256,256
256,256
256,256
4000,2992
256,256
256,256
256,256
256,256
256,256
256,256
4000,3000
256,256
1500,2000
480,640
1500,2000
256,256
1500,2000
256,256
256,256
750,1000
256,256
256,256
240,320
3093,4124
256,256
3024,4032
256,256
456,456
256,256
256,256
1000,750
1500,2000
256,256
1500,2000
256,256
480,640
3000,4000
256,256
480,640
256,256
256,256
256,256
256,256
256,256
512,512
256,256
1000,750
480,640
1200,900
256,256
256,256
256,256
2348,2348
256,256
480,640
256,256
256,256
256,256
456,456
256,256
3468,4624
256,256
256,256
1500,2000
256,256
1000,750
3024,4032
256,256
256,256
256,256
3468,4624
256,256
256,256
256,256
1000,750
256,256
439,304
256,256
256,256
256,256
256,256
1638,398
4062,3047
480,640
256,256
256,256
480,640
573,465
256,256
256,256
1000,750
456,456
256,256
256,256
256,256
256,256
256,256
237,298
480,640
256,256
256,256
256,256
328,236
256,256
320,240
256,256
256,256
256,256
256,256
256,256
256,256
256,256
256,256
256,256
256,256
256,256
256,256
256,256
256,256
256,256
256,256
1500,2000
256,256
256,256
256,256
256,256
256,256
2986,3981
256,256
256,256
750,1000
256,256
256,256
256,256
256,256
256,256
256,256
3024,4032
1000,750
500,333
3000,4000
256,256
1337,1783
256,256
256,256
3120,4160
256,256
256,256
256,256
480,640
256,256
480,640
256,256
256,256
3565,4754
256,256
456,456
256,256
256,256
1600,1067
750,1000
256,256
256,256
3468,4624
1000,750
256,256
256,256
256,256
256,256
256,256
1500,2000
256,256
256,256
256,256
256,256
1000,750
256,256
256,256
256,256
256,256
256,256
256,256
256,256
1000,750
256,256
256,256
256,256
256,256
256,256
256,256
256,256
256,256
256,256
256,256
1920,1440
960,1280
320,240
256,256
3366,4488
750,1000
256,256
256,256
960,1280
512,512
256,256
240,320
256,256
3000,4000
256,256
256,256
480,640
256,256
256,256
256,256
2285,2285
256,256
2046,2046
256,256
256,256
4032,3024
256,256
256,256
1500,2000
256,256
256,256
256,256
3024,4032
256,256
256,256
256,256
256,256
320,240
512,512
240,320
256,256
456,456
480,640
480,640
256,256
256,256
3024,4032
256,256
1500,2000
1000,750
256,256
256,256
256,256
256,256
256,256
256,256
256,256
256,256
750,1000
256,256
256,256
256,256
480,640
320,240
256,256
256,256
256,256
4032,3024
256,256
256,256
456,456
3386,4515
256,256
456,456
256,256
750,1000
256,256
3468,4624
256,256
1150,447
2000,1500
256,256
3024,4032
456,456
256,256
256,256
1000,750
3120,3120
256,256
480,640
256,256
256,256
256,256
256,256
3024,4032
577,433
256,256
256,256
256,256
256,256
256,256
256,256
256,256
256,256
256,256
256,256
1000,750
256,256
3024,4032
256,256
313,235
2466,3288
256,256
750,1000
256,256
256,256
256,256
456,456
240,240
256,256
256,256
256,256
256,256
256,256
256,256
256,256
256,256
256,256
256,256
256,256
1704,2272
256,256
4824,3618
256,256
256,256
256,256
240,240
1500,2000
256,256
281,282
256,256
256,256
256,256
1000,750
3000,4000
428,256
256,256
256,256
512,512
256,256
3921,2941
256,256
256,256
256,256
256,256
149,295
256,256
480,640
256,256
256,256
4000,3000
256,256
3024,4032
240,320
256,256
256,256
256,256
4000,2992
256,256
256,256
1149,1149
256,256
1200,1494
256,256
256,256
256,256
1709,1709
256,256
256,256
256,256
256,256
512,512
480,640
256,256
256,256
750,1000
256,256
256,256
256,256
240,240
256,256
256,256
4000,3000
256,256
256,256
256,256
256,256
256,256
3468,4624
320,240
256,256
3024,4032
256,256
256,256
256,256
256,256
1000,750
256,256
256,256
256,256
256,256
256,256
1487,1982
256,256
256,256
256,256
256,256
256,256
240,320
4000,3000
480,640
256,256
202,194
1000,750
480,640
256,256
456,456
256,256
256,256
256,256
256,256
256,256
480,640
256,256
256,256
2304,4080
3468,4624
256,256
683,1024
256,256
960,1280
256,256
256,256
256,256
27,162
256,256
1000,750
4284,5712
320,240
256,256
256,256
256,256
4284,5712
256,256
512,512
256,256
750,1000
256,256
256,256
1000,750
256,256
1500,2000
256,256
4284,5712
256,256
256,256
256,256
256,256
4291,3218
1500,2000
256,256
256,256
240,320
256,256
240,240
256,256
1500,2000
256,256
256,256
256,256
1200,1600
1632,1224
256,256
240,240
256,256
256,256
1500,2000
256,256
512,512
256,256
256,256
512,512
256,256
256,256
240,240
750,1000
456,456
256,256
256,256
480,640
240,240
256,256
750,1000
256,256
256,256
256,256
256,256
256,256
898,1600
4080,2304
256,256
256,256
4000,3000
256,256
256,256
256,256
256,256
4000,2992
256,256
256,256
256,256
256,256
256,256
240,320
256,256
256,256
256,256
256,256
256,256
256,256
256,256
256,256
256,256
3024,4032
3024,4032
256,256
256,256
256,256
256,256
256,256
3024,4032
256,256
768,1024
256,256
512,512
256,256
256,256
240,240
256,256
256,256
512,512
256,256
256,256
256,256
256,256
256,256
256,256
256,256
750,1000
256,256
256,256
256,256
256,256
256,256
480,640
256,256
1500,2000
2000,1500
256,256
256,256
256,256
256,256
256,256
256,256
256,256
480,640
256,256
256,256
256,256
256,256
256,256
256,256
256,256
256,256
256,256
256,256
3024,4032
256,256
256,256
256,256
256,256
256,256
256,256
256,256
256,256
256,256
750,1000
1000,750
256,256
256,256
1496,1995
256,256
256,256
480,640
512,512
256,256
480,640
256,256
256,256
256,256
1500,2000
480,640
256,256
256,256
256,256
256,256
256,256
1500,2000
240,240
256,256
750,1000
256,256
320,240
256,256
256,256
256,256
256,256
256,256
240,240
256,256
102,84
256,256
1500,2000
256,256
256,256
4000,2992
256,256
256,256
4352,3264
256,256
256,256
256,256
240,320
4284,5712
256,256
960,1280
256,256
256,256
256,256
256,256
256,256
256,256
256,256
256,256
256,256
256,256
256,256
256,256
320,240
613,700
320,240
256,256
256,256
256,256
456,456
256,256
256,256
256,256
256,256
320,240
256,256
480,640
256,256
256,256
256,256
1500,2000
256,256
1000,750
256,256
256,256
256,256
4000,2992
256,256
800,600
256,256
750,1000
256,256
4000,3000
320,240
256,256
1000,750
256,256
256,256
320,240
256,256
256,256
256,256
256,256
256,256
256,256
256,256
256,256
256,256
4137,5517
256,256
1000,750
256,256
256,256
1500,2000
1577,1577
750,1000
256,256
256,256
256,256
256,256
256,256
512,512
456,456
256,256
256,256
256,256
256,256
1125,1500
256,256
256,256
3000,4000
3468,4624
1500,2000
256,256
256,256
1247,1663
456,456
256,256
256,256
256,256
1500,2000
256,256
256,256
750,1000
256,256
480,640
256,256
256,256
256,256
256,256
512,512
256,256
4000,3000
256,256
480,640
256,256
4000,3000
256,256
256,256
256,256
1000,750
256,256
256,256
256,256
256,256
256,256
256,256
256,256
256,256
1500,2000
256,256
256,256
1000,750
240,320
4000,3000
256,256
256,256
240,240
256,256
256,256
256,256
256,256
256,256
256,256
256,256
256,256
256,256
256,256
256,256
480,640
4000,3000
1500,2000
256,256
256,256
256,256
256,256
3120,3120
256,256
456,456
561,311
256,256
256,256
256,256
256,264
256,256
256,256
3000,4000
456,456
480,640
512,512
1500,2000
256,256
4000,3000
256,256
256,256
1000,750
256,256
256,256
256,256
256,256
240,320
256,256
512,512
256,256
512,512
256,256
256,256
750,1000
256,256
1500,2000
256,256
256,256
512,512
256,256
256,256
256,256
4000,3000
3024,4032
1500,2000
256,256
256,256
92,148
256,256
256,256
256,256
256,256
256,256
256,256
256,256
256,256
256,256
256,256
240,320
256,256
256,256
476,629
480,640
256,256
300,400
256,256
167,160
1224,1632
256,256
256,256
256,256
256,256
750,1000
320,240
1500,2000
320,240
256,256
2000,1500
256,256
3276,4368
256,256
1500,2000
256,256
3024,4032
512,512
256,256
320,240
256,256
1500,2000
256,256
256,256
512,512
256,256
3024,4032
256,256
256,256
256,256
256,256
256,256
256,256
256,256
256,256
240,320
256,256
1500,2000
256,256
240,240
256,256
750,1000
256,256
256,256
1402,1869
320,240
3456,4608
256,256
1000,750
256,256
3299,1863
541,330
256,256
256,256
480,640
256,256
1500,1443
480,640
3024,4032
4284,5712
256,256
256,256
256,256
256,256
256,256
256,256
256,256
1897,1897
256,256
256,256
256,256
256,256
256,256
256,256
256,256
256,256
256,256
256,256
256,256
256,256
256,256
400,372
1500,2000
1000,750
256,256
256,256
256,256
256,256
256,256
256,256
238,250
4608,3456
256,256
1000,750
256,256
256,256
3024,4032
512,512
1000,750
256,256
320,240
512,512
456,456
512,512
3024,4032
4000,3000
256,256
256,256
256,256
256,256
256,256
256,256
256,256
256,256
1342,1790
256,256
256,256
256,256
256,256
750,1000
3000,4000
1500,2000
4000,3000
240,240
1000,750
256,256
256,256
256,256
256,256
256,256
256,256
256,256
480,640
256,256
750,1000
256,256
256,256
256,256
4284,5712
320,240
256,256
240,240
480,640
256,256
480,640
2304,4080
1500,2000
480,640
256,256
480,640
960,1280
256,256
256,256
256,256
256,256
2000,1500
256,256
1000,750
3000,4000
480,640
256,256
256,256
4466,5955
480,640
256,256
256,256
256,256
256,256
256,256
525,699
3024,4032
256,256
256,256
256,256
256,256
41,140
256,256
256,256
256,256
480,640
256,256
256,256
256,256
512,512
480,640
1500,2000
4000,2992
256,256
256,256
3000,4000
4284,5712
256,256
256,256
256,256
240,320
256,256
1836,3264
256,256
256,256
960,1280
256,256
480,640
750,1000
256,256
4000,2992
750,1000
1000,750
1500,2000
256,256
256,256
256,256
256,256
256,256
256,256
3643,2732
256,256
456,456
256,256
256,256
256,256
256,256
256,256
256,256
256,256
256,256
512,512
256,256
256,256
256,256
256,256
256,256
3028,4038
456,456
256,256
256,256
256,256
3024,4032
750,1000
256,256
256,256
256,256
256,256
256,256
256,256
256,256
512,512
256,256
3024,4032
456,456
256,256
256,256
320,240
256,256
512,512
256,256
256,256
256,256
256,256
256,256
256,256
750,1000
256,256
256,256
4284,5712
256,256
1632,1224
256,256
256,256
256,256
256,256
256,256
256,256
256,256
256,256
456,456
256,256
240,240
256,256
256,256
256,256
480,640
256,256
256,256
256,256
256,256
3024,4032
2061,1546
4000,3000
1500,2000
256,256
456,456
256,256
256,256
3611,4814
256,256
960,1280
320,240
256,256
320,240
256,256
1500,2000
256,256
256,256
256,256
224,224
256,256
456,456
256,256
1500,2000
456,456
1500,2000
256,256
4284,5712
480,640
456,456
256,256
256,256
256,256
256,256
256,256
3468,4624
256,256
4000,3000
2515,3354
240,320
512,512
256,256
256,256
480,640
256,256
3024,4032
256,256
256,256
256,256
256,256
256,256
240,240
256,256
256,256
256,256
256,256
256,256
256,256
480,640
256,256
256,256
256,256
256,256
256,256
256,256
256,256
256,256
256,256
4000,3000
256,256
256,256
4281,5709
256,256
256,256
256,256
256,256
256,256
512,512
256,256
256,256
256,256
256,256
256,256
256,256
256,256
256,256
256,256
1500,2000
256,256
456,456
256,256
256,256
256,256
256,256
320,240
256,256
256,256
577,433
256,256
256,256
256,256
256,256
256,256
231,214
512,512
256,256
256,256
256,256
256,256
1000,750
4080,2304
256,256
256,256
256,256
256,256
1500,2000
1500,2000
256,256
256,256
256,256
256,256
256,256
512,512
256,256
1000,750
480,640
3024,4032
256,256
256,256
256,256
320,240
256,256
256,256
456,456
256,256
256,256
256,256
256,256
256,256
256,256
256,256
256,256
256,256
456,456
256,256
256,256
256,256
256,256
240,240
256,256
240,240
256,256
256,256
256,256
256,256
256,256
256,256
256,256
456,456
256,256
256,256
750,1000
240,320
256,256
256,256
480,640
1366,768
256,256
256,256
256,256
256,256
256,256
750,1000
1152,2048
256,256
256,256
256,256
3456,4608
256,256
256,256
256,256
240,240
256,256
256,256
256,256
256,256
256,256
256,256
256,256
1548,1548
4000,3000
1761,1321
256,256
256,256
750,1000
256,256
4000,3000
256,256
256,256
256,256
256,256
456,456
320,240
256,256
256,256
256,256
456,456
708,1044
256,256
240,240
256,256
256,256
256,256
256,256
3729,4972
1000,750
256,256
256,256
3024,4032
480,640
3024,4032
256,256
256,256
3468,4624
256,256
3024,4032
512,512
256,256
320,240
256,256
256,256
256,256
256,256
480,640
3024,4032
256,256
256,256
256,256
256,256
4284,5712
1300,1203
256,256
256,256
256,256
256,256
256,256
256,256
256,256
256,256
256,256
750,1000
256,256
256,256
256,256
256,256
256,256
1496,1995
480,640
256,256
2000,1500
256,256
256,256
256,256
3295,4393
256,256
240,240
512,512
256,256
256,256
256,256
4000,3000
1000,750
480,640
256,256
256,256
256,256
1500,2000
256,256
256,256
256,256
512,512
256,256
456,456
256,256
256,256
256,256
256,256
1500,2000
256,256
456,456
256,256
320,240
256,256
256,256
256,256
256,256
256,256
256,256
256,256
256,256
256,256
1754,2339
256,256
750,1000
256,256
256,256
256,256
256,256
4000,3000
256,256
456,456
256,256
2256,1269
512,512
1708,2277
256,256
1500,2000
256,256
480,640
256,256
3024,4032
256,256
256,256
256,256
256,256
960,1280
256,256
256,256
3024,4032
256,256
256,256
116,158
256,256
1000,750
256,256
256,256
256,256
1000,750
3024,4032
2000,1500
1500,2000
256,256
3330,4441
256,256
3000,4000
256,256
256,256
256,256
256,256
256,256
1265,1687
256,256
3544,4726
256,256
256,256
256,256
256,256
256,256
1566,2088
256,256
3024,4032
256,256
256,256
256,256
256,256
2992,4000
480,640
256,256
256,256
3024,4032
256,256
256,256
54,133
256,256
256,256
1000,750
256,256
256,256
256,256
750,1000
256,256
256,256
256,428
256,256
256,256
3000,4000
202,370
256,256
640,480
4000,3000
750,1000
256,256
256,256
256,256
256,256
256,256
3120,3120
256,256
4000,3000
256,256
750,1000
3791,2141
256,256
256,256
256,256
256,256
256,256
3549,4732
256,256
256,256
256,256
256,256
256,256
456,456
3120,3120
3870,5160
256,256
256,256
448,336
256,256
256,256
256,256
256,256
750,1000
256,256
256,256
256,256
750,1000
256,256
240,240
256,256
256,256
256,256
480,640
3024,4032
256,256
256,256
4284,5712
256,256
256,256
256,256
456,456
256,256
960,1280
256,256
480,640
256,256
4608,3456
256,256
256,256
256,256
256,256
480,640
256,256
256,256
4000,3000
256,256
960,1280
256,256
256,256
256,256
2000,1500
256,256
256,256
256,256
256,256
4171,5561
256,256
256,256
256,256
256,256
2000,1500
256,256
256,256
3024,4032
256,256
256,256
256,256
256,256
256,256
256,256
256,256
1200,1600
1224,1632
256,256
256,256
3120,3120
480,640
256,256
256,256
320,240
256,256
1000,750
512,512
2504,3339
1500,2000
456,456
256,256
177,193
1500,2000
324,464
256,256
750,1000
1000,750
256,256
120,672
256,256
256,256
512,512
256,256
480,640
256,256
256,256
256,256
256,256
256,256
4080,2304
256,256
256,256
256,256
256,256
256,256
256,256
256,256
256,256
284,223
256,256
512,512
1500,2000
3456,4608
256,256
256,256
256,256
256,256
3000,4000
256,256
256,256
512,512
256,256
480,640
4284,5712
256,256
256,256
256,256
256,256
256,256
256,256
2777,3703
256,256
256,256
512,512
320,240
256,256
256,256
4284,5712
300,154
256,256
3468,4624
1500,2000
3264,1468
256,256
4199,2371
256,256
256,256
256,256
256,256
4080,1836
256,256
256,256
256,256
256,256
960,1280
256,256
256,256
256,256
256,256
256,256
240,320
3000,4000
4000,2992
256,256
256,256
256,256
256,256
1500,2000
256,256
256,256
750,1000
456,456
1000,750
256,256
2488,3317
3024,4032
256,256
256,256
512,512
480,640
480,640
256,256
256,256
800,530
256,256
256,256
256,256
256,256
256,256
661,844
256,256
320,240
256,256
480,640
256,256
256,256
256,256
1849,1849
456,456
256,256
256,256
256,256
320,240
3456,4608
256,256
256,256
1700,2267
2524,3366
256,256
256,256
256,256
1400,1582
456,456
114,108
480,640
256,256
256,256
256,256
256,256
1500,2000
256,256
256,256
304,46
256,256
2456,3275
256,256
256,256
256,256
256,256
256,256
256,256
256,256
256,256
256,256
256,256
3024,4032
256,256
256,256
3468,4624
256,256
256,256
3024,4032
1500,2000
256,256
256,256
256,256
256,256
256,256
256,256
4064,3048
256,256
1000,750
256,256
256,256
1000,750
4000,2992
256,256
256,256
3024,4032
1500,2000
750,1000
320,240
256,256
4284,5712
256,256
329,247
3120,3120
256,256
256,256
256,256
624,461
256,256
456,456
256,256
256,256
256,256
256,256
480,640
256,256
256,256
256,256
2992,4000
256,256
750,1000
3024,4032
256,256
1000,750
256,256
256,256
320,240
256,256
256,256
256,256
256,256
256,256
256,256
256,256
256,256
4000,3000
146,250
3120,4160
256,256
2000,1500
256,256
960,1280
256,256
256,256
456,456
3024,4032
1500,2000
256,256
456,456
256,256
256,256
256,256
140,263
256,256
256,256
256,256
256,256
256,256
256,256
1000,750
256,256
258,136
30,143
256,256
1920,1080
256,256
256,256
3456,4608
256,256
256,256
480,640
256,256
256,256
256,256
256,256
256,256
4000,3000
307,240
256,256
256,256
960,1280
256,256
456,456
256,256
256,256
256,256
256,256
320,240
256,256
256,256
256,256
256,256
256,256
256,256
512,512
256,256
256,256
256,256
256,256
215,329
256,256
256,256
256,256
256,256
256,256
